,Unnamed: 0,Id,SepalLengthCm,SepalWidthCm,PetalLengthCm,PetalWidthCm,Species
0,50,51,7.0,3.2,4.7,1.4,Iris-versicolor
1,51,52,6.4,3.2,4.5,1.5,Iris-versicolor
2,52,53,6.9,3.1,4.9,1.5,Iris-versicolor
3,54,55,6.5,2.8,4.6,1.5,Iris-versicolor
4,56,57,6.3,3.3,4.7,1.6,Iris-versicolor
5,58,59,6.6,2.9,4.6,1.3,Iris-versicolor
6,62,63,6.0,2.2,4.0,1.0,Iris-versicolor
7,63,64,6.1,2.9,4.7,1.4,Iris-versicolor
8,65,66,6.7,3.1,4.4,1.4,Iris-versicolor
9,68,69,6.2,2.2,4.5,1.5,Iris-versicolor
10,71,72,6.1,2.8,4.0,1.3,Iris-versicolor
11,72,73,6.3,2.5,4.9,1.5,Iris-versicolor
12,73,74,6.1,2.8,4.7,1.2,Iris-versicolor
13,74,75,6.4,2.9,4.3,1.3,Iris-versicolor
14,75,76,6.6,3.0,4.4,1.4,Iris-versicolor
15,76,77,6.8,2.8,4.8,1.4,Iris-versicolor
16,77,78,6.7,3.0,5.0,1.7,Iris-versicolor
17,78,79,6.0,2.9,4.5,1.5,Iris-versicolor
18,83,84,6.0,2.7,5.1,1.6,Iris-versicolor
19,85,86,6.0,3.4,4.5,1.6,Iris-versicolor
20,86,87,6.7,3.1,4.7,1.5,Iris-versicolor
21,87,88,6.3,2.3,4.4,1.3,Iris-versicolor
22,91,92,6.1,3.0,4.6,1.4,Iris-versicolor
23,97,98,6.2,2.9,4.3,1.3,Iris-versicolor
24,100,101,6.3,3.3,6.0,2.5,Iris-virginica
25,102,103,7.1,3.0,5.9,2.1,Iris-virginica
26,103,104,6.3,2.9,5.6,1.8,Iris-virginica
27,104,105,6.5,3.0,5.8,2.2,Iris-virginica
28,105,106,7.6,3.0,6.6,2.1,Iris-virginica
29,107,108,7.3,2.9,6.3,1.8,Iris-virginica
30,108,109,6.7,2.5,5.8,1.8,Iris-virginica
31,109,110,7.2,3.6,6.1,2.5,Iris-virginica
32,110,111,6.5,3.2,5.1,2.0,Iris-virginica
33,111,112,6.4,2.7,5.3,1.9,Iris-virginica
34,112,113,6.8,3.0,5.5,2.1,Iris-virginica
35,115,116,6.4,3.2,5.3,2.3,Iris-virginica
36,116,117,6.5,3.0,5.5,1.8,Iris-virginica
37,117,118,7.7,3.8,6.7,2.2,Iris-virginica
38,118,119,7.7,2.6,6.9,2.3,Iris-virginica
39,119,120,6.0,2.2,5.0,1.5,Iris-virginica
40,120,121,6.9,3.2,5.7,2.3,Iris-virginica
41,122,123,7.7,2.8,6.7,2.0,Iris-virginica
42,123,124,6.3,2.7,4.9,1.8,Iris-virginica
43,124,125,6.7,3.3,5.7,2.1,Iris-virginica
44,125,126,7.2,3.2,6.0,1.8,Iris-virginica
45,126,127,6.2,2.8,4.8,1.8,Iris-virginica
46,127,128,6.1,3.0,4.9,1.8,Iris-virginica
47,128,129,6.4,2.8,5.6,2.1,Iris-virginica
48,129,130,7.2,3.0,5.8,1.6,Iris-virginica
49,130,131,7.4,2.8,6.1,1.9,Iris-virginica
50,131,132,7.9,3.8,6.4,2.0,Iris-virginica
51,132,133,6.4,2.8,5.6,2.2,Iris-virginica
52,133,134,6.3,2.8,5.1,1.5,Iris-virginica
53,134,135,6.1,2.6,5.6,1.4,Iris-virginica
54,135,136,7.7,3.0,6.1,2.3,Iris-virginica
55,136,137,6.3,3.4,5.6,2.4,Iris-virginica
56,137,138,6.4,3.1,5.5,1.8,Iris-virginica
57,138,139,6.0,3.0,4.8,1.8,Iris-virginica
58,139,140,6.9,3.1,5.4,2.1,Iris-virginica
59,140,141,6.7,3.1,5.6,2.4,Iris-virginica
60,141,142,6.9,3.1,5.1,2.3,Iris-virginica
61,143,144,6.8,3.2,5.9,2.3,Iris-virginica
62,144,145,6.7,3.3,5.7,2.5,Iris-virginica
63,145,146,6.7,3.0,5.2,2.3,Iris-virginica
64,146,147,6.3,2.5,5.0,1.9,Iris-virginica
65,147,148,6.5,3.0,5.2,2.0,Iris-virginica
66,148,149,6.2,3.4,5.4,2.3,Iris-virginica
